{
  "version": "1.3.0",
  "peerId": "mariam-mbp",
  "domain": "aramai.io",
  "promptsDirectory": "~/ARAMAI/prompts/scheduled",
  "schedules": [
    {
      "id": "devrel-morning",
      "name": "DevRel Morning Briefing",
      "promptFile": "devrel-morning.md",
      "cronExpression": "0 9 * * 1-5",
      "enabled": true
    },
    {
      "id": "devrel-eod",
      "name": "DevRel End-of-Day Report",
      "promptFile": "devrel-eod.md",
      "cronExpression": "0 17 * * 1-5",
      "enabled": true
    }
  ],
  "globalOptions": {
    "launchAtLogin": true,
    "showNotifications": true,
    "logDirectory": "~/.octopus-scheduler/logs"
  },
  "bridge": {
    "url": "https://octopus-bridge.vercel.app",
    "reconnectInterval": 10000
  },
  "slack": {
    "webhookUrl": "",
    "defaultChannel": "#devrel-ops",
    "notifyOnComplete": true,
    "notifyOnFailure": true
  }
}